Wall time,Step,Value
1648414886.672158,0,0.6879094839096069
1648414925.3414652,1,0.8856462240219116
1648414963.751251,2,0.916021466255188
1648415002.3076394,3,0.9309112429618835
1648415040.1440854,4,0.9380583763122559
1648415078.7053647,5,0.9490768313407898
1648415117.059632,6,0.953245997428894
1648415156.2460706,7,0.9648600220680237
1648415194.7630153,8,0.965753436088562
1648415233.4761753,9,0.9639666676521301
1648415272.0136466,10,0.9693269729614258
1648415310.5019774,11,0.9702203869819641
1648415349.8617141,12,0.9639666676521301
1648415388.1433675,13,0.9615842700004578
1648415426.4017718,14,0.9708159565925598
1648415464.7096994,15,0.9663490056991577
1648415503.0048335,16,0.9690291881561279
1648415541.6706827,17,0.9717093706130981
1648415580.3489306,18,0.9737939238548279
1648415619.061396,19,0.9696247577667236
1648415657.014873,20,0.970518171787262
1648415695.5185502,21,0.9717093706130981
1648415733.9987106,22,0.9693269729614258
1648415772.5503824,23,0.9687314033508301
1648415811.302798,24,0.97349613904953
1648415849.7934506,25,0.9717093706130981
1648415888.2792022,26,0.9740917086601257
1648415926.1035006,27,0.9684336185455322
1648415964.9160657,28,0.97349613904953
1648416003.7915704,29,0.9699226021766663
1648416042.1986284,30,0.9675402045249939
1648416080.3558195,31,0.9755806922912598
1648416119.0113633,32,0.9729005098342896
1648416157.932552,33,0.9726027250289917
1648416196.570977,34,0.9717093706130981
1648416234.8507726,35,0.9681357741355896
1648416273.3383644,36,0.9687314033508301
1648416311.9748626,37,0.9651578068733215
1648416350.1456766,38,0.9711137413978577
1648416388.8281794,39,0.9723049402236938
1648416427.3067162,40,0.967242419719696
1648416465.7837095,41,0.9717093706130981
1648416504.0393815,42,0.9693269729614258
1648416542.5789354,43,0.9693269729614258
1648416580.7158594,44,0.9708159565925598
1648416619.153053,45,0.9711137413978577
1648416657.5708838,46,0.9708159565925598
1648416696.631805,47,0.9708159565925598
1648416735.8436012,48,0.9714115262031555
1648416774.4231808,49,0.9660512208938599
