Wall time,Step,Value
1634264059.793127,0,0.6640857458114624
1634264147.8041701,1,0.9047051668167114
1634264233.5465117,2,0.9246575236320496
1634264320.2911422,3,0.9416319131851196
1634264407.3371983,4,0.9538415670394897
1634264494.1995656,5,0.953245997428894
1634264582.2335792,6,0.9609887003898621
1634264667.7804637,7,0.9687314033508301
1634264754.114896,8,0.9746873378753662
1634264841.48013,9,0.9743894934654236
1634264929.2049854,10,0.9779630899429321
1634265016.3774073,11,0.979749858379364
1634265104.1669295,12,0.9740917086601257
1634265190.9417646,13,0.981238842010498
1634265277.076373,14,0.9788564443588257
1634265365.4147413,15,0.9758784770965576
1634265452.504978,16,0.9776653051376343
1634265541.2177277,17,0.9833233952522278
1634265628.5464048,18,0.9761763215065002
1634265714.2374454,19,0.9803454279899597
1634265800.0270674,20,0.976771891117096
1634265885.6616557,21,0.9806432127952576
1634265972.4227571,22,0.9794520735740662
1634266059.7280972,23,0.9770696759223938
1634266147.243902,24,0.9824300408363342
1634266234.6162276,25,0.9836211800575256
1634266322.9200354,26,0.9806432127952576
1634266410.129788,27,0.9791542291641235
1634266497.4584122,28,0.9818344116210938
1634266583.3536801,29,0.9818344116210938
1634266669.0353484,30,0.9809410572052002
1634266755.8113794,31,0.9800476431846619
1634266842.6360369,32,0.9809410572052002
1634266929.9748738,33,0.9791542291641235
1634267017.834541,34,0.9785586595535278
1634267107.323261,35,0.9788564443588257
1634267194.9581668,36,0.9770696759223938
1634267283.1112103,37,0.9800476431846619
1634267368.616265,38,0.9794520735740662
1634267455.2548862,39,0.976771891117096
1634267542.725511,40,0.9827278256416321
1634267630.296575,41,0.9764741063117981
1634267717.7715364,42,0.9815366268157959
1634267805.1026025,43,0.981238842010498
1634267894.7679806,44,0.9794520735740662
1634267981.65908,45,0.9806432127952576
1634268073.0576222,46,0.979749858379364
1634268161.141331,47,0.97826087474823
1634268249.6543195,48,0.9752829074859619
1634268337.3302822,49,0.9806432127952576
