Wall time,Step,Value
1637526477.8190448,0,0.49463966488838196
1637526534.6621776,1,0.8007742762565613
1637526591.401851,2,0.8689696192741394
1637526648.3623068,3,0.9023228287696838
1637526705.4273884,4,0.9264442920684814
1637526762.4356396,5,0.928528904914856
1637526819.3029091,6,0.9413341283798218
1637526876.5571,7,0.9460988640785217
1637526933.921048,8,0.9493746161460876
1637526991.502795,9,0.9562239646911621
1637527048.4878159,10,0.9514592289924622
1637527105.5509064,11,0.9538415670394897
1637527162.6949856,12,0.9636688232421875
1637527219.9931393,13,0.9571173191070557
1637527276.850437,14,0.9589040875434875
1637527333.4949389,15,0.958010733127594
1637527390.208693,16,0.950268030166626
1637527447.0484533,17,0.9592019319534302
1637527503.6242743,18,0.9586063027381897
1637527560.7503436,19,0.9612864851951599
1637527617.427389,20,0.95652174949646
1637527674.6270812,21,0.9583085179328918
1637527732.3703592,22,0.9592019319534302
1637527790.025801,23,0.9651578068733215
1637527846.9723275,24,0.9600952863693237
1637527903.275327,25,0.9597975015640259
1637527960.1111186,26,0.9559261202812195
1637528017.2127619,27,0.9633710384368896
1637528074.6931572,28,0.9586063027381897
1637528131.5827274,29,0.95652174949646
1637528188.5375986,30,0.962775468826294
1637528245.6927984,31,0.9553305506706238
1637528303.0857677,32,0.9648600220680237
1637528360.0120878,33,0.9612864851951599
1637528416.5733104,34,0.9592019319534302
1637528473.7060149,35,0.9592019319534302
1637528531.3028135,36,0.9639666676521301
1637528588.1839774,37,0.9568195343017578
1637528644.8371716,38,0.9586063027381897
1637528701.72197,39,0.9583085179328918
1637528758.8415926,40,0.9615842700004578
1637528815.4342422,41,0.9609887003898621
1637528872.6160576,42,0.9562239646911621
1637528929.6495104,43,0.9559261202812195
1637528986.1407418,44,0.9636688232421875
1637529043.6310475,45,0.9612864851951599
1637529100.3200614,46,0.9606909155845642
1637529157.2219384,47,0.9574151039123535
1637529213.954015,48,0.9547349810600281
1637529271.4469554,49,0.9606909155845642
