Wall time,Step,Value
1648452502.1787846,0,0.712626576423645
1648452546.8962195,1,0.902025043964386
1648452591.3147948,2,0.93001788854599
1648452635.7450018,3,0.9389517307281494
1648452680.8189383,4,0.95175701379776
1648452724.9377315,5,0.9615842700004578
1648452770.0135427,6,0.9645622372627258
1648452814.5945199,7,0.9621798396110535
1648452859.0136287,8,0.9749851226806641
1648452903.5947986,9,0.9714115262031555
1648452947.8928678,10,0.9761763215065002
1648452992.0701284,11,0.9717093706130981
1648453036.459001,12,0.9761763215065002
1648453080.6245494,13,0.97349613904953
1648453125.0378833,14,0.9758784770965576
1648453169.3106687,15,0.9746873378753662
1648453214.3125186,16,0.9761763215065002
1648453258.7409317,17,0.976771891117096
1648453303.051052,18,0.9770696759223938
1648453347.9641514,19,0.9764741063117981
1648453392.3092232,20,0.9758784770965576
1648453436.624028,21,0.9723049402236938
1648453481.4965057,22,0.97349613904953
1648453526.309835,23,0.9731983542442322
1648453570.68779,24,0.9726027250289917
1648453615.047938,25,0.9752829074859619
1648453659.6191719,26,0.97826087474823
1648453704.3153017,27,0.9699226021766663
1648453748.669496,28,0.9711137413978577
1648453793.8285937,29,0.9785586595535278
1648453838.0018857,30,0.9761763215065002
1648453882.4778187,31,0.9809410572052002
1648453927.659271,32,0.976771891117096
1648453972.6951852,33,0.9743894934654236
1648454017.1117458,34,0.9752829074859619
1648454061.6552398,35,0.97826087474823
1648454105.5417664,36,0.9758784770965576
1648454149.7691529,37,0.9737939238548279
1648454194.240121,38,0.9788564443588257
1648454238.9923856,39,0.9746873378753662
1648454283.337415,40,0.9785586595535278
1648454327.400688,41,0.9746873378753662
1648454371.9522865,42,0.9731983542442322
1648454416.0852222,43,0.9761763215065002
1648454460.5555358,44,0.9746873378753662
1648454505.1493297,45,0.9800476431846619
1648454549.6818757,46,0.9755806922912598
1648454594.469547,47,0.9743894934654236
1648454638.6453836,48,0.9758784770965576
1648454683.1353705,49,0.9761763215065002
