Wall time,Step,Value
1637517682.5761316,0,0.501488983631134
1637517739.401943,1,0.7921381592750549
1637517795.6783006,2,0.8692674040794373
1637517852.163804,3,0.9088743329048157
1637517909.0217643,4,0.9198927879333496
1637517965.311018,5,0.9312090277671814
1637518023.110004,6,0.9398451447486877
1637518081.2405636,7,0.95175701379776
1637518139.3476238,8,0.9523525834083557
1637518197.1285543,9,0.9547349810600281
1637518255.5558608,10,0.9606909155845642
1637518312.8943481,11,0.962775468826294
1637518372.1569948,12,0.959499716758728
1637518429.9105253,13,0.9586063027381897
1637518488.3701782,14,0.9663490056991577
1637518545.5256968,15,0.9592019319534302
1637518602.9224386,16,0.9577129483222961
1637518660.8746018,17,0.9615842700004578
1637518719.7821596,18,0.9615842700004578
1637518777.7738736,19,0.9600952863693237
1637518835.1821008,20,0.9589040875434875
1637518892.9745276,21,0.9630732536315918
1637518951.5004365,22,0.9612864851951599
1637519009.3681893,23,0.9583085179328918
1637519066.4648836,24,0.9630732536315918
1637519123.077086,25,0.964264452457428
1637519179.7261124,26,0.9645622372627258
1637519236.101723,27,0.9633710384368896
1637519292.9428122,28,0.9615842700004578
1637519349.260413,29,0.9654556512832642
1637519405.4083238,30,0.9624776840209961
1637519462.352618,31,0.9693269729614258
1637519518.4103096,32,0.9639666676521301
1637519575.362063,33,0.9636688232421875
1637519631.884825,34,0.9633710384368896
1637519688.8588936,35,0.9618820548057556
1637519747.1919584,36,0.9609887003898621
1637519805.798747,37,0.9603930711746216
1637519863.6906598,38,0.9615842700004578
1637519922.3240874,39,0.9609887003898621
1637519981.1609128,40,0.9630732536315918
1637520039.8063211,41,0.9654556512832642
1637520097.1752777,42,0.9621798396110535
1637520156.3710368,43,0.9669446349143982
1637520215.3673742,44,0.962775468826294
1637520274.8969173,45,0.9633710384368896
1637520334.9162116,46,0.9621798396110535
1637520395.7752767,47,0.959499716758728
1637520457.1409278,48,0.9618820548057556
1637520515.7504354,49,0.9648600220680237
