Wall time,Step,Value
1648091181.600371,0,0.6786777973175049
1648091257.672491,1,0.9070875644683838
1648091333.2455335,2,0.9216795563697815
1648091409.5358255,3,0.9452054500579834
1648091485.6721501,4,0.9600952863693237
1648091561.8895187,5,0.95652174949646
1648091638.0224218,6,0.9621798396110535
1648091714.7704806,7,0.97349613904953
1648091791.1773696,8,0.9714115262031555
1648091867.9679482,9,0.9788564443588257
1648091944.3002985,10,0.9764741063117981
1648092020.8590164,11,0.9788564443588257
1648092097.2956285,12,0.9833233952522278
1648092173.6520958,13,0.9770696759223938
1648092249.8165557,14,0.9833233952522278
1648092325.8863497,15,0.9755806922912598
1648092401.8509445,16,0.9755806922912598
1648092477.7142758,17,0.9815366268157959
1648092553.4813302,18,0.9821321964263916
1648092629.7953925,19,0.9806432127952576
1648092705.6379206,20,0.9839190244674683
1648092782.1719863,21,0.9776653051376343
1648092858.9617064,22,0.979749858379364
1648092935.7002597,23,0.9809410572052002
1648093012.028483,24,0.97826087474823
1648093087.601437,25,0.9803454279899597
1648093163.4724503,26,0.9809410572052002
1648093240.064786,27,0.9821321964263916
1648093316.6977184,28,0.9791542291641235
1648093392.8951497,29,0.9830256104469299
1648093469.3514733,30,0.9818344116210938
1648093545.8709676,31,0.9779630899429321
1648093622.608113,32,0.97826087474823
1648093698.8194382,33,0.9827278256416321
1648093774.8946357,34,0.9821321964263916
1648093850.9632,35,0.9824300408363342
1648093927.8929958,36,0.9788564443588257
1648094004.1791513,37,0.9776653051376343
1648094080.1953886,38,0.9821321964263916
1648094156.3928695,39,0.9815366268157959
1648094232.7927833,40,0.981238842010498
1648094308.540021,41,0.9788564443588257
1648094384.7503543,42,0.9818344116210938
1648094461.0273392,43,0.9776653051376343
1648094536.8387601,44,0.9827278256416321
1648094613.1757832,45,0.9824300408363342
1648094689.2676249,46,0.9791542291641235
1648094765.5300837,47,0.981238842010498
1648094841.6831684,48,0.9785586595535278
1648094917.714243,49,0.9794520735740662
