Wall time,Step,Value
1634382938.152872,0,0.656640887260437
1634383006.0110817,1,0.8910065293312073
1634383073.9433122,2,0.9261465072631836
1634383141.9470766,3,0.9368671774864197
1634383211.0933237,4,0.9475878477096558
1634383277.8057132,5,0.9526503682136536
1634383346.160853,6,0.9630732536315918
1634383416.0149932,7,0.9615842700004578
1634383485.3667595,8,0.9723049402236938
1634383551.824544,9,0.9731983542442322
1634383620.415053,10,0.9737939238548279
1634383691.8030126,11,0.9711137413978577
1634383759.2770083,12,0.9758784770965576
1634383825.7168217,13,0.97349613904953
1634383894.7882452,14,0.9752829074859619
1634383963.143948,15,0.9761763215065002
1634384031.7052925,16,0.9749851226806641
1634384098.1688962,17,0.9726027250289917
1634384167.954464,18,0.9776653051376343
1634384237.3730655,19,0.9752829074859619
1634384304.3539937,20,0.9752829074859619
1634384370.3522906,21,0.972007155418396
1634384438.745887,22,0.9779630899429321
1634384507.472392,23,0.9791542291641235
1634384574.3145938,24,0.97349613904953
1634384643.7293508,25,0.9749851226806641
1634384712.9376569,26,0.9761763215065002
1634384780.4206161,27,0.9708159565925598
1634384846.2387617,28,0.9746873378753662
1634384914.5522788,29,0.9779630899429321
1634384983.571939,30,0.97349613904953
1634385051.3831217,31,0.9794520735740662
1634385118.0090969,32,0.9758784770965576
1634385189.2271266,33,0.9731983542442322
1634385258.937039,34,0.9729005098342896
1634385326.4380846,35,0.97349613904953
1634385393.2436786,36,0.97349613904953
1634385465.0078533,37,0.9755806922912598
1634385534.0304377,38,0.9773674607276917
1634385602.3349378,39,0.972007155418396
1634385668.4776485,40,0.9776653051376343
1634385741.0719168,41,0.9761763215065002
1634385809.4403799,42,0.9761763215065002
1634385876.7148027,43,0.9761763215065002
1634385942.573521,44,0.9684336185455322
1634386010.278275,45,0.9791542291641235
1634386079.2168205,46,0.9737939238548279
1634386147.3551443,47,0.9723049402236938
1634386216.9493365,48,0.9726027250289917
1634386284.9222848,49,0.9740917086601257
