Wall time,Step,Value
1648435487.4453528,0,0.7307921648025513
1648435541.1505773,1,0.9085765480995178
1648435595.0195343,2,0.931506872177124
1648435648.7958994,3,0.9449076652526855
1648435702.35776,4,0.9511613845825195
1648435755.829229,5,0.9592019319534302
1648435809.4866145,6,0.9645622372627258
1648435863.8116193,7,0.9746873378753662
1648435917.865658,8,0.9711137413978577
1648435971.9606469,9,0.9729005098342896
1648436025.747649,10,0.976771891117096
1648436079.1627321,11,0.9752829074859619
1648436133.8657558,12,0.9749851226806641
1648436187.557496,13,0.9731983542442322
1648436241.0665839,14,0.976771891117096
1648436294.582452,15,0.9755806922912598
1648436348.0716455,16,0.9758784770965576
1648436402.0180686,17,0.9818344116210938
1648436455.8864026,18,0.981238842010498
1648436509.8286238,19,0.9764741063117981
1648436563.111804,20,0.9773674607276917
1648436617.0564935,21,0.9785586595535278
1648436670.88456,22,0.9755806922912598
1648436724.7487862,23,0.9776653051376343
1648436779.218232,24,0.979749858379364
1648436833.115957,25,0.9755806922912598
1648436887.0808458,26,0.9827278256416321
1648436940.6556647,27,0.9785586595535278
1648436994.4162135,28,0.97826087474823
1648437048.4466205,29,0.9776653051376343
1648437102.15879,30,0.9803454279899597
1648437156.0092373,31,0.979749858379364
1648437209.978819,32,0.9788564443588257
1648437263.8399675,33,0.9800476431846619
1648437317.7308784,34,0.9755806922912598
1648437371.8249054,35,0.9779630899429321
1648437425.6645076,36,0.9743894934654236
1648437479.4477189,37,0.9731983542442322
1648437533.0429168,38,0.9788564443588257
1648437587.0323505,39,0.9764741063117981
1648437640.6025178,40,0.9776653051376343
1648437694.2846596,41,0.9788564443588257
1648437748.4404023,42,0.976771891117096
1648437802.3928778,43,0.9791542291641235
1648437855.8591897,44,0.9752829074859619
1648437909.2637506,45,0.9803454279899597
1648437962.9455557,46,0.9776653051376343
1648438017.1437426,47,0.9803454279899597
1648438071.3201306,48,0.9779630899429321
1648438125.1242235,49,0.9743894934654236
