Wall time,Step,Value
1634249395.4741862,0,0.6408576369285583
1634249454.827042,1,0.8859440088272095
1634249512.1627674,2,0.9127456545829773
1634249569.8460038,3,0.9312090277671814
1634249629.379515,4,0.9434186816215515
1634249686.390052,5,0.950268030166626
1634249744.5401115,6,0.9544371366500854
1634249802.1348364,7,0.9669446349143982
1634249859.4513974,8,0.9711137413978577
1634249916.670052,9,0.9726027250289917
1634249974.7977486,10,0.9770696759223938
1634250032.690981,11,0.9776653051376343
1634250091.2892835,12,0.9714115262031555
1634250148.4462283,13,0.9752829074859619
1634250206.5438826,14,0.9794520735740662
1634250265.4771376,15,0.9723049402236938
1634250322.8542624,16,0.9737939238548279
1634250380.1753905,17,0.9809410572052002
1634250437.712002,18,0.9729005098342896
1634250495.233323,19,0.9794520735740662
1634250552.942854,20,0.97349613904953
1634250610.1440027,21,0.9788564443588257
1634250668.3994665,22,0.976771891117096
1634250728.8339088,23,0.9749851226806641
1634250787.196178,24,0.9779630899429321
1634250844.946423,25,0.9788564443588257
1634250904.7362394,26,0.9752829074859619
1634250962.1911209,27,0.9758784770965576
1634251019.8866942,28,0.97826087474823
1634251077.2366562,29,0.9788564443588257
1634251134.334061,30,0.9788564443588257
1634251192.3568056,31,0.9788564443588257
1634251249.5267494,32,0.9791542291641235
1634251307.8405433,33,0.9773674607276917
1634251368.2363248,34,0.9752829074859619
1634251425.525944,35,0.9752829074859619
1634251483.2658803,36,0.9743894934654236
1634251544.101667,37,0.976771891117096
1634251601.6969044,38,0.9773674607276917
1634251659.2445788,39,0.97349613904953
1634251717.3164968,40,0.9800476431846619
1634251774.820852,41,0.9773674607276917
1634251832.6515696,42,0.9752829074859619
1634251890.2892158,43,0.9800476431846619
1634251948.5312574,44,0.9726027250289917
1634252008.20447,45,0.9788564443588257
1634252066.1879237,46,0.9791542291641235
1634252124.1538007,47,0.9800476431846619
1634252184.2058768,48,0.9746873378753662
1634252241.9519148,49,0.9803454279899597
