Wall time,Step,Value
1634372809.4912512,0,0.6652769446372986
1634372875.7210565,1,0.8883264064788818
1634372942.1984618,2,0.9234663248062134
1634373009.4241288,3,0.9365693926811218
1634373077.7462118,4,0.944014310836792
1634373144.5876572,5,0.95652174949646
1634373210.615378,6,0.958010733127594
1634373279.995135,7,0.9669446349143982
1634373346.0929434,8,0.9711137413978577
1634373413.1486552,9,0.9723049402236938
1634373479.8380618,10,0.9746873378753662
1634373548.3633986,11,0.9708159565925598
1634373614.8205812,12,0.9752829074859619
1634373681.8660488,13,0.9746873378753662
1634373748.4431758,14,0.9761763215065002
1634373819.1330433,15,0.9776653051376343
1634373886.1701105,16,0.9770696759223938
1634373952.5064132,17,0.976771891117096
1634374019.1105464,18,0.9779630899429321
1634374086.799861,19,0.9761763215065002
1634374153.9114263,20,0.9788564443588257
1634374220.035779,21,0.9764741063117981
1634374289.031943,22,0.9791542291641235
1634374355.0764475,23,0.9791542291641235
1634374421.9054146,24,0.9743894934654236
1634374488.1426575,25,0.9818344116210938
1634374557.6504793,26,0.9788564443588257
1634374624.3448515,27,0.9776653051376343
1634374691.5313406,28,0.9755806922912598
1634374758.0954704,29,0.9791542291641235
1634374827.5869267,30,0.9758784770965576
1634374894.246342,31,0.9770696759223938
1634374961.7608066,32,0.9761763215065002
1634375028.3948462,33,0.9729005098342896
1634375096.2436166,34,0.9740917086601257
1634375163.2955396,35,0.97349613904953
1634375230.0994945,36,0.97826087474823
1634375299.144215,37,0.97349613904953
1634375365.7730086,38,0.9755806922912598
1634375432.9123948,39,0.9737939238548279
1634375499.9478734,40,0.9785586595535278
1634375567.6947932,41,0.9729005098342896
1634375634.3658507,42,0.9773674607276917
1634375701.051548,43,0.9731983542442322
1634375767.1353905,44,0.9788564443588257
1634375834.364802,45,0.9737939238548279
1634375900.8254976,46,0.9758784770965576
1634375967.1399016,47,0.9785586595535278
1634376034.8006246,48,0.97826087474823
1634376103.4774663,49,0.97826087474823
