Wall time,Step,Value
1648416819.762736,0,0.697141170501709
1648416858.3342645,1,0.8892197608947754
1648416896.951153,2,0.9121500849723816
1648416935.8176706,3,0.9255509376525879
1648416974.666353,4,0.9443120956420898
1648417013.6236033,5,0.945503294467926
1648417051.7732987,6,0.9523525834083557
1648417090.5482187,7,0.9612864851951599
1648417129.5637126,8,0.9612864851951599
1648417168.781993,9,0.9654556512832642
1648417207.310095,10,0.9687314033508301
1648417246.172463,11,0.9660512208938599
1648417285.0339308,12,0.9731983542442322
1648417324.1530516,13,0.9678379893302917
1648417362.6980832,14,0.9708159565925598
1648417401.5057511,15,0.959499716758728
1648417440.0695708,16,0.9651578068733215
1648417478.3914428,17,0.9684336185455322
1648417516.4701617,18,0.9663490056991577
1648417555.335146,19,0.9687314033508301
1648417593.7982092,20,0.9696247577667236
1648417632.2327437,21,0.9675402045249939
1648417671.5927687,22,0.9708159565925598
1648417710.8545268,23,0.9726027250289917
1648417749.579064,24,0.965753436088562
1648417787.9201784,25,0.9684336185455322
1648417826.4997861,26,0.9717093706130981
1648417865.1952326,27,0.9684336185455322
1648417904.1971507,28,0.9702203869819641
1648417942.9492953,29,0.9696247577667236
1648417981.4845157,30,0.9717093706130981
1648418020.1125586,31,0.9645622372627258
1648418059.1029491,32,0.9678379893302917
1648418097.4796906,33,0.972007155418396
1648418135.6568346,34,0.9723049402236938
1648418174.4963517,35,0.97349613904953
1648418213.4716394,36,0.9681357741355896
1648418251.9365256,37,0.9666467905044556
1648418290.2567332,38,0.9723049402236938
1648418328.844909,39,0.9690291881561279
1648418367.5928242,40,0.9717093706130981
1648418405.8958056,41,0.967242419719696
1648418444.6942108,42,0.9693269729614258
1648418483.1124473,43,0.9687314033508301
1648418521.1678534,44,0.9708159565925598
1648418560.444466,45,0.9714115262031555
1648418598.8589296,46,0.9666467905044556
1648418637.5431015,47,0.9690291881561279
1648418675.8674057,48,0.9681357741355896
1648418715.254178,49,0.9723049402236938
