Wall time,Step,Value
1634258168.5132341,0,0.6349017024040222
1634258227.892188,1,0.8838594555854797
1634258285.3844283,2,0.9073853492736816
1634258342.9259505,3,0.928528904914856
1634258400.762498,4,0.9487790465354919
1634258458.640128,5,0.9449076652526855
1634258517.3231835,6,0.9609887003898621
1634258576.3662658,7,0.9654556512832642
1634258634.6444314,8,0.9687314033508301
1634258695.1276302,9,0.9740917086601257
1634258754.137414,10,0.9696247577667236
1634258811.7636366,11,0.972007155418396
1634258870.292375,12,0.9776653051376343
1634258929.4551885,13,0.9717093706130981
1634258989.1998694,14,0.9737939238548279
1634259048.1522765,15,0.97349613904953
1634259105.8312843,16,0.9696247577667236
1634259166.592944,17,0.9764741063117981
1634259223.6168141,18,0.9746873378753662
1634259282.3144155,19,0.9755806922912598
1634259340.5655398,20,0.976771891117096
1634259399.099151,21,0.97349613904953
1634259458.3989036,22,0.9764741063117981
1634259516.9525738,23,0.9776653051376343
1634259574.7563758,24,0.9731983542442322
1634259634.6522326,25,0.9761763215065002
1634259693.0273757,26,0.9752829074859619
1634259750.95925,27,0.9770696759223938
1634259811.250251,28,0.9776653051376343
1634259870.3495903,29,0.9740917086601257
1634259927.7533553,30,0.9758784770965576
1634259986.1075943,31,0.972007155418396
1634260044.506796,32,0.9761763215065002
1634260103.7402358,33,0.9788564443588257
1634260162.3371441,34,0.9770696759223938
1634260220.1181152,35,0.9773674607276917
1634260282.5146303,36,0.9743894934654236
1634260340.2752457,37,0.9731983542442322
1634260397.7916894,38,0.9785586595535278
1634260456.1796205,39,0.9758784770965576
1634260515.5288823,40,0.9752829074859619
1634260572.3909073,41,0.9729005098342896
1634260630.2901676,42,0.9773674607276917
1634260689.4262593,43,0.9746873378753662
1634260748.3246956,44,0.9746873378753662
1634260806.684879,45,0.9791542291641235
1634260864.186905,46,0.9726027250289917
1634260923.1663344,47,0.9740917086601257
1634260981.735069,48,0.9729005098342896
1634261039.5336227,49,0.9776653051376343
