Wall time,Step,Value
1648459299.1535103,0,0.753126859664917
1648459389.076101,1,0.9231685400009155
1648459479.3195493,2,0.95175701379776
1648459569.2391188,3,0.9544371366500854
1648459659.3579838,4,0.9577129483222961
1648459749.598804,5,0.967242419719696
1648459839.195587,6,0.9681357741355896
1648459929.6685612,7,0.9758784770965576
1648460019.9110563,8,0.9779630899429321
1648460110.0983064,9,0.9743894934654236
1648460200.4651291,10,0.9779630899429321
1648460291.2509978,11,0.976771891117096
1648460381.6129987,12,0.97826087474823
1648460471.84746,13,0.9788564443588257
1648460561.9541497,14,0.9803454279899597
1648460652.3820922,15,0.9815366268157959
1648460742.7098563,16,0.9815366268157959
1648460832.5692356,17,0.9833233952522278
1648460922.6611478,18,0.9803454279899597
1648461013.115142,19,0.9800476431846619
1648461103.3564355,20,0.9791542291641235
1648461193.3218887,21,0.9824300408363342
1648461283.3841562,22,0.9803454279899597
1648461373.3681524,23,0.9806432127952576
1648461463.4729753,24,0.9779630899429321
1648461553.359243,25,0.9824300408363342
1648461643.2805529,26,0.9809410572052002
1648461733.4982462,27,0.9785586595535278
1648461824.071226,28,0.9800476431846619
1648461914.3077474,29,0.9806432127952576
1648462005.0135906,30,0.9824300408363342
1648462095.0277345,31,0.9824300408363342
1648462185.80849,32,0.979749858379364
1648462275.8968735,33,0.9770696759223938
1648462365.744822,34,0.9791542291641235
1648462455.7464478,35,0.9764741063117981
1648462546.3931043,36,0.9827278256416321
1648462636.1146488,37,0.9776653051376343
1648462726.2981932,38,0.9779630899429321
1648462816.6519012,39,0.9800476431846619
1648462907.4383643,40,0.9836211800575256
1648462997.487649,41,0.9779630899429321
1648463088.0154562,42,0.9827278256416321
1648463177.8436623,43,0.9788564443588257
1648463267.6804488,44,0.979749858379364
1648463358.1404562,45,0.9773674607276917
1648463447.8646946,46,0.9788564443588257
1648463537.92649,47,0.9821321964263916
1648463628.2450004,48,0.9821321964263916
1648463717.8663266,49,0.9830256104469299
