Wall time,Step,Value
1634524188.4048035,0,0.6450268030166626
1634524223.3928983,1,0.8764145374298096
1634524262.5317721,2,0.8918999433517456
1634524297.9473798,3,0.916021466255188
1634524335.4224658,4,0.9270399212837219
1634524370.4335086,5,0.9276354908943176
1634524407.241808,6,0.9386539459228516
1634524442.9537067,7,0.9511613845825195
1634524477.5755804,8,0.9574151039123535
1634524514.0462294,9,0.9615842700004578
1634524549.715883,10,0.9633710384368896
1634524587.7562847,11,0.9660512208938599
1634524623.2837815,12,0.962775468826294
1634524659.5303597,13,0.9687314033508301
1634524695.4551811,14,0.9675402045249939
1634524730.880672,15,0.9636688232421875
1634524766.8677936,16,0.965753436088562
1634524802.1951458,17,0.972007155418396
1634524839.6789253,18,0.965753436088562
1634524875.05454,19,0.9678379893302917
1634524911.64251,20,0.9687314033508301
1634524946.8060622,21,0.9693269729614258
1634524982.4630692,22,0.9696247577667236
1634525019.1355479,23,0.9651578068733215
1634525055.0475,24,0.9675402045249939
1634525092.771034,25,0.967242419719696
1634525128.1809406,26,0.9702203869819641
1634525164.0362272,27,0.9702203869819641
1634525200.1814685,28,0.9702203869819641
1634525234.937301,29,0.9693269729614258
1634525271.0790539,30,0.9678379893302917
1634525306.7340515,31,0.9711137413978577
1634525343.8708675,32,0.9717093706130981
1634525379.595059,33,0.9711137413978577
1634525416.0558665,34,0.9633710384368896
1634525451.4562125,35,0.9690291881561279
1634525487.2186067,36,0.9669446349143982
1634525524.4130068,37,0.9699226021766663
1634525559.5989716,38,0.9690291881561279
1634525597.039252,39,0.965753436088562
1634525632.7806406,40,0.9702203869819641
1634525668.4685335,41,0.9693269729614258
1634525703.8155236,42,0.9651578068733215
1634525739.3402352,43,0.9717093706130981
1634525775.667883,44,0.9669446349143982
1634525811.0910885,45,0.9714115262031555
1634525848.5047898,46,0.9708159565925598
1634525884.0715249,47,0.9687314033508301
1634525920.8641796,48,0.9666467905044556
1634525956.6949735,49,0.9699226021766663
