Wall time,Step,Value
1634505749.495019,0,0.6974389553070068
1634505824.4504027,1,0.8990470767021179
1634505902.120956,2,0.9184038043022156
1634505978.3805785,3,0.9413341283798218
1634506054.2025688,4,0.9472900629043579
1634506130.5539756,5,0.9499702453613281
1634506207.5841086,6,0.9550327658653259
1634506284.2871542,7,0.9687314033508301
1634506360.7736254,8,0.972007155418396
1634506438.4219167,9,0.9743894934654236
1634506515.1930754,10,0.9755806922912598
1634506592.635484,11,0.9761763215065002
1634506669.0738616,12,0.9824300408363342
1634506745.8561983,13,0.97826087474823
1634506822.425875,14,0.9800476431846619
1634506898.5853856,15,0.97826087474823
1634506975.4643672,16,0.9758784770965576
1634507050.4251273,17,0.9815366268157959
1634507128.1345634,18,0.9791542291641235
1634507204.582301,19,0.981238842010498
1634507280.235822,20,0.9815366268157959
1634507355.2050002,21,0.9785586595535278
1634507435.9260516,22,0.9833233952522278
1634507513.153247,23,0.9824300408363342
1634507589.5286143,24,0.9824300408363342
1634507663.685575,25,0.9848123788833618
1634507743.085988,26,0.981238842010498
1634507821.9220872,27,0.9791542291641235
1634507900.711668,28,0.9803454279899597
1634507975.508518,29,0.9821321964263916
1634508055.1336975,30,0.9827278256416321
1634508131.5207415,31,0.97826087474823
1634508208.3178432,32,0.981238842010498
1634508283.2508862,33,0.9836211800575256
1634508362.7817922,34,0.981238842010498
1634508439.8138556,35,0.9857057929039001
1634508516.3290746,36,0.9815366268157959
1634508591.3804932,37,0.9785586595535278
1634508667.3572805,38,0.9815366268157959
1634508745.1778429,39,0.9818344116210938
1634508821.3579285,40,0.9842168092727661
1634508895.7930045,41,0.979749858379364
1634508971.3050838,42,0.9800476431846619
1634509051.0348246,43,0.981238842010498
1634509127.4438634,44,0.9794520735740662
1634509203.4743001,45,0.9824300408363342
1634509278.882185,46,0.9749851226806641
1634509356.2800577,47,0.9824300408363342
1634509432.4011836,48,0.9776653051376343
1634509508.866712,49,0.9809410572052002
